67, 0 %, 148 MiB
65, 0 %, 159 MiB
65, 0 %, 159 MiB
64, 0 %, 159 MiB
64, 4 %, 482 MiB
67, 25 %, 6040 MiB
69, 98 %, 7580 MiB
70, 99 %, 7580 MiB
71, 98 %, 7580 MiB
71, 98 %, 7580 MiB
72, 98 %, 7582 MiB
72, 98 %, 7582 MiB
72, 98 %, 7582 MiB
73, 98 %, 7582 MiB
73, 98 %, 7582 MiB
73, 98 %, 7582 MiB
73, 99 %, 7582 MiB
74, 99 %, 7582 MiB
74, 98 %, 7582 MiB
74, 98 %, 7582 MiB
74, 98 %, 7582 MiB
74, 98 %, 7582 MiB
75, 98 %, 7582 MiB
75, 98 %, 7582 MiB
75, 98 %, 7582 MiB
75, 99 %, 7582 MiB
75, 98 %, 7582 MiB
75, 98 %, 7582 MiB
75, 98 %, 7582 MiB
75, 98 %, 7582 MiB
75, 98 %, 7582 MiB
75, 98 %, 7582 MiB
76, 98 %, 7582 MiB
76, 98 %, 7582 MiB
75, 99 %, 7582 MiB
76, 98 %, 7582 MiB
76, 98 %, 7582 MiB
76, 98 %, 7582 MiB
76, 98 %, 7582 MiB
76, 98 %, 7582 MiB
76, 99 %, 7582 MiB
76, 98 %, 7582 MiB
76, 98 %, 7582 MiB
76, 98 %, 7582 MiB
76, 98 %, 7582 MiB
76, 98 %, 7582 MiB
76, 98 %, 7582 MiB
76, 99 %, 7582 MiB
76, 98 %, 7582 MiB
76, 98 %, 7582 MiB
77, 98 %, 7582 MiB
76, 99 %, 7582 MiB
77, 98 %, 7582 MiB
77, 98 %, 7582 MiB
77, 99 %, 7582 MiB
77, 98 %, 7582 MiB
77, 98 %, 7582 MiB
77, 98 %, 7582 MiB
77, 99 %, 7582 MiB
77, 98 %, 7582 MiB
77, 98 %, 7582 MiB
77, 98 %, 7582 MiB
77, 99 %, 7582 MiB
77, 98 %, 7582 MiB
77, 98 %, 7582 MiB
77, 98 %, 7582 MiB
77, 98 %, 7582 MiB
77, 99 %, 7582 MiB
77, 98 %, 7582 MiB
77, 98 %, 7582 MiB
77, 99 %, 7582 MiB
77, 99 %, 7582 MiB
77, 99 %, 7582 MiB
77, 98 %, 7582 MiB
77, 98 %, 7582 MiB
77, 98 %, 7596 MiB
77, 98 %, 7595 MiB
77, 98 %, 7610 MiB
77, 98 %, 7610 MiB
77, 98 %, 7610 MiB
77, 99 %, 7610 MiB
78, 99 %, 7610 MiB
77, 99 %, 7610 MiB
77, 98 %, 7610 MiB
77, 98 %, 7610 MiB
77, 98 %, 7610 MiB
77, 99 %, 7604 MiB
78, 99 %, 7604 MiB
77, 98 %, 7604 MiB
77, 98 %, 7604 MiB
77, 99 %, 7604 MiB
77, 99 %, 7604 MiB
77, 98 %, 7604 MiB
77, 99 %, 7604 MiB
77, 98 %, 7604 MiB
77, 98 %, 7604 MiB
78, 99 %, 7604 MiB
77, 99 %, 7604 MiB
77, 98 %, 7604 MiB
77, 98 %, 7604 MiB
77, 98 %, 7604 MiB
78, 99 %, 7604 MiB
78, 98 %, 7604 MiB
78, 98 %, 7604 MiB
77, 99 %, 7604 MiB
78, 99 %, 7604 MiB
78, 98 %, 7604 MiB
78, 98 %, 7604 MiB
77, 98 %, 7604 MiB
78, 98 %, 7604 MiB
78, 98 %, 7604 MiB
78, 98 %, 7604 MiB
78, 98 %, 7604 MiB
78, 99 %, 7604 MiB
78, 98 %, 7604 MiB
77, 98 %, 7604 MiB
77, 98 %, 7604 MiB
78, 98 %, 7604 MiB
78, 98 %, 7604 MiB
78, 98 %, 7604 MiB
78, 98 %, 7604 MiB
78, 98 %, 7604 MiB
78, 98 %, 7604 MiB
78, 98 %, 7604 MiB
78, 98 %, 7604 MiB
78, 98 %, 7604 MiB
78, 98 %, 7604 MiB
78, 99 %, 7604 MiB
78, 99 %, 7604 MiB
78, 98 %, 7604 MiB
78, 98 %, 7604 MiB
78, 98 %, 7604 MiB
78, 99 %, 7604 MiB
78, 98 %, 7604 MiB
78, 98 %, 7604 MiB
78, 98 %, 7604 MiB
78, 99 %, 7604 MiB
78, 98 %, 7604 MiB
78, 98 %, 7604 MiB
78, 98 %, 7604 MiB
78, 98 %, 7604 MiB
78, 98 %, 7604 MiB
78, 98 %, 7604 MiB
78, 98 %, 7604 MiB
78, 98 %, 7604 MiB
78, 98 %, 7604 MiB
78, 98 %, 7604 MiB
78, 98 %, 7604 MiB
78, 99 %, 7604 MiB
78, 98 %, 7604 MiB
78, 99 %, 7604 MiB
78, 99 %, 7604 MiB
78, 98 %, 7604 MiB
78, 98 %, 7604 MiB
78, 98 %, 7604 MiB
78, 99 %, 7604 MiB
78, 98 %, 7604 MiB
78, 99 %, 7604 MiB
78, 98 %, 7604 MiB
78, 99 %, 7604 MiB
78, 98 %, 7604 MiB
78, 98 %, 7604 MiB
78, 99 %, 7604 MiB
78, 98 %, 7604 MiB
78, 99 %, 7604 MiB
78, 98 %, 7604 MiB
78, 98 %, 7604 MiB
78, 98 %, 7604 MiB
78, 98 %, 7604 MiB
78, 99 %, 7604 MiB
78, 98 %, 7604 MiB
78, 98 %, 7604 MiB
78, 99 %, 7604 MiB
78, 98 %, 7604 MiB
78, 98 %, 7604 MiB
78, 98 %, 7604 MiB
78, 98 %, 7604 MiB
78, 98 %, 7604 MiB
78, 99 %, 7604 MiB
78, 98 %, 7604 MiB
78, 98 %, 7604 MiB
78, 98 %, 7604 MiB
78, 98 %, 7604 MiB
78, 98 %, 7604 MiB
78, 98 %, 7604 MiB
78, 98 %, 7604 MiB
78, 98 %, 7604 MiB
78, 98 %, 7604 MiB
78, 99 %, 7604 MiB
78, 99 %, 7604 MiB
78, 99 %, 7604 MiB
78, 98 %, 7604 MiB
78, 98 %, 7604 MiB
78, 98 %, 7604 MiB
78, 98 %, 7604 MiB
78, 98 %, 7604 MiB
78, 99 %, 7604 MiB
78, 98 %, 7604 MiB
78, 98 %, 7604 MiB
78, 99 %, 7604 MiB
78, 98 %, 7604 MiB
78, 98 %, 7604 MiB
78, 98 %, 7604 MiB
78, 99 %, 7604 MiB
78, 98 %, 7604 MiB
78, 98 %, 7604 MiB
78, 98 %, 7604 MiB
78, 98 %, 7604 MiB
78, 99 %, 7604 MiB
78, 98 %, 7604 MiB
78, 98 %, 7604 MiB
78, 98 %, 7604 MiB
78, 98 %, 7604 MiB
78, 99 %, 7604 MiB
78, 98 %, 7604 MiB
78, 98 %, 7604 MiB
78, 98 %, 7604 MiB
78, 98 %, 7604 MiB
78, 98 %, 7604 MiB
78, 98 %, 7604 MiB
79, 98 %, 7604 MiB
78, 98 %, 7604 MiB
78, 98 %, 7604 MiB
78, 98 %, 7604 MiB
78, 99 %, 7604 MiB
78, 98 %, 7604 MiB
78, 98 %, 7604 MiB
78, 98 %, 7604 MiB
78, 98 %, 7604 MiB
78, 98 %, 7604 MiB
79, 99 %, 7604 MiB
78, 99 %, 7604 MiB
78, 98 %, 7604 MiB
78, 98 %, 7604 MiB
78, 98 %, 7604 MiB
78, 98 %, 7604 MiB
78, 98 %, 7604 MiB
78, 98 %, 7604 MiB
78, 98 %, 7604 MiB
78, 98 %, 7604 MiB
78, 98 %, 7604 MiB
78, 99 %, 7604 MiB
78, 99 %, 7604 MiB
78, 98 %, 7604 MiB
78, 98 %, 7604 MiB
78, 98 %, 7604 MiB
78, 98 %, 7604 MiB
78, 99 %, 7604 MiB
78, 98 %, 7604 MiB
78, 98 %, 7604 MiB
78, 99 %, 7604 MiB
78, 99 %, 7604 MiB
78, 99 %, 7604 MiB
78, 99 %, 7604 MiB
78, 98 %, 7604 MiB
78, 99 %, 7604 MiB
78, 99 %, 7604 MiB
78, 98 %, 7604 MiB
78, 98 %, 7604 MiB
78, 98 %, 7604 MiB
78, 98 %, 7604 MiB
78, 98 %, 7604 MiB
78, 98 %, 7604 MiB
78, 98 %, 7604 MiB
78, 98 %, 7604 MiB
78, 98 %, 7604 MiB
78, 99 %, 7604 MiB
78, 98 %, 7604 MiB
78, 98 %, 7604 MiB
78, 98 %, 7604 MiB
78, 99 %, 7604 MiB
78, 98 %, 7604 MiB
78, 99 %, 7604 MiB
78, 98 %, 7604 MiB
79, 99 %, 7604 MiB
78, 98 %, 7604 MiB
78, 98 %, 7604 MiB
78, 98 %, 7604 MiB
78, 99 %, 7604 MiB
78, 98 %, 7604 MiB
78, 98 %, 7604 MiB
78, 98 %, 7604 MiB
78, 98 %, 7604 MiB
78, 99 %, 7604 MiB
78, 98 %, 7604 MiB
78, 99 %, 7604 MiB
78, 99 %, 7604 MiB
78, 98 %, 7604 MiB
78, 98 %, 7604 MiB
78, 98 %, 7604 MiB
78, 98 %, 7604 MiB
78, 98 %, 7604 MiB
78, 98 %, 7604 MiB
78, 98 %, 7604 MiB
79, 98 %, 7604 MiB
78, 98 %, 7604 MiB
78, 98 %, 7604 MiB
78, 98 %, 7604 MiB
78, 98 %, 7604 MiB
78, 98 %, 7604 MiB
79, 98 %, 7604 MiB
79, 98 %, 7604 MiB
78, 98 %, 7604 MiB
78, 99 %, 7604 MiB
79, 99 %, 7604 MiB
78, 98 %, 7604 MiB
78, 98 %, 7604 MiB
78, 99 %, 7604 MiB
78, 98 %, 7604 MiB
78, 98 %, 7604 MiB
78, 99 %, 7604 MiB
78, 98 %, 7604 MiB
78, 98 %, 7604 MiB
78, 98 %, 7604 MiB
78, 98 %, 7604 MiB
79, 99 %, 7604 MiB
79, 98 %, 7604 MiB
78, 98 %, 7604 MiB
78, 99 %, 7604 MiB
79, 98 %, 7604 MiB
78, 99 %, 7604 MiB
78, 98 %, 7604 MiB
78, 99 %, 7604 MiB
79, 98 %, 7604 MiB
79, 98 %, 7604 MiB
79, 98 %, 7604 MiB
79, 98 %, 7604 MiB
78, 98 %, 7604 MiB
78, 98 %, 7604 MiB
78, 98 %, 7604 MiB
79, 98 %, 7604 MiB
79, 98 %, 7604 MiB
78, 98 %, 7604 MiB
78, 99 %, 7604 MiB
79, 98 %, 7604 MiB
79, 98 %, 7604 MiB
79, 98 %, 7604 MiB
79, 98 %, 7604 MiB
79, 98 %, 7604 MiB
79, 99 %, 7604 MiB
79, 99 %, 7604 MiB
79, 98 %, 7604 MiB
79, 98 %, 7604 MiB
79, 98 %, 7604 MiB
78, 99 %, 7604 MiB
78, 98 %, 7604 MiB
79, 98 %, 7604 MiB
79, 99 %, 7604 MiB
79, 98 %, 7604 MiB
79, 98 %, 7604 MiB
79, 98 %, 7604 MiB
79, 99 %, 7604 MiB
79, 99 %, 7604 MiB
79, 98 %, 7604 MiB
79, 98 %, 7604 MiB
79, 98 %, 7604 MiB
79, 98 %, 7604 MiB
79, 98 %, 7604 MiB
79, 99 %, 7604 MiB
79, 98 %, 7604 MiB
79, 98 %, 7604 MiB
79, 98 %, 7604 MiB
79, 99 %, 7604 MiB
79, 98 %, 7604 MiB
79, 99 %, 7604 MiB
79, 98 %, 7604 MiB
79, 98 %, 7604 MiB
79, 98 %, 7604 MiB
79, 98 %, 7604 MiB
79, 98 %, 7604 MiB
79, 98 %, 7604 MiB
79, 98 %, 7604 MiB
79, 98 %, 7604 MiB
79, 98 %, 7604 MiB
79, 98 %, 7604 MiB
79, 98 %, 7604 MiB
79, 98 %, 7604 MiB
79, 98 %, 7604 MiB
79, 98 %, 7604 MiB
79, 98 %, 7604 MiB
79, 98 %, 7604 MiB
78, 99 %, 7604 MiB
79, 98 %, 7604 MiB
79, 98 %, 7604 MiB
79, 98 %, 7604 MiB
78, 99 %, 7604 MiB
79, 98 %, 7604 MiB
79, 98 %, 7604 MiB
79, 99 %, 7604 MiB
79, 98 %, 7604 MiB
79, 99 %, 7604 MiB
79, 98 %, 7604 MiB
79, 98 %, 7604 MiB
79, 98 %, 7604 MiB
79, 98 %, 7604 MiB
79, 98 %, 7604 MiB
79, 98 %, 7604 MiB
79, 98 %, 7604 MiB
79, 98 %, 7604 MiB
79, 99 %, 7604 MiB
79, 98 %, 7604 MiB
79, 98 %, 7623 MiB
79, 99 %, 7623 MiB
78, 98 %, 7623 MiB
79, 98 %, 7615 MiB
78, 99 %, 7615 MiB
79, 98 %, 7615 MiB
78, 98 %, 7615 MiB
79, 98 %, 7615 MiB
79, 98 %, 7615 MiB
79, 98 %, 7615 MiB
79, 98 %, 7615 MiB
79, 99 %, 7615 MiB
79, 99 %, 7615 MiB
79, 98 %, 7615 MiB
79, 99 %, 7615 MiB
79, 98 %, 7615 MiB
79, 98 %, 7615 MiB
79, 98 %, 7615 MiB
79, 98 %, 7615 MiB
79, 98 %, 7615 MiB
79, 98 %, 7615 MiB
79, 98 %, 7615 MiB
79, 98 %, 7615 MiB
79, 98 %, 7615 MiB
79, 98 %, 7623 MiB
79, 98 %, 7623 MiB
79, 98 %, 7623 MiB
79, 98 %, 7623 MiB
79, 98 %, 7623 MiB
79, 98 %, 7623 MiB
79, 98 %, 7623 MiB
79, 99 %, 7623 MiB
79, 98 %, 7623 MiB
78, 98 %, 7623 MiB
79, 98 %, 7623 MiB
79, 98 %, 7623 MiB
78, 98 %, 7623 MiB
79, 98 %, 7629 MiB
79, 98 %, 7629 MiB
79, 98 %, 7620 MiB
79, 98 %, 7620 MiB
79, 98 %, 7620 MiB
79, 98 %, 7620 MiB
79, 98 %, 7620 MiB
78, 98 %, 7620 MiB
79, 98 %, 7620 MiB
78, 98 %, 7620 MiB
79, 98 %, 7620 MiB
79, 98 %, 7620 MiB
79, 98 %, 7620 MiB
79, 98 %, 7620 MiB
79, 98 %, 7620 MiB
79, 98 %, 7620 MiB
78, 98 %, 7620 MiB
79, 99 %, 7620 MiB
78, 98 %, 7620 MiB
79, 98 %, 7620 MiB
79, 98 %, 7620 MiB
79, 98 %, 7620 MiB
78, 98 %, 7620 MiB
78, 99 %, 7620 MiB
79, 98 %, 7620 MiB
79, 99 %, 7620 MiB
78, 98 %, 7620 MiB
79, 99 %, 7620 MiB
78, 98 %, 7620 MiB
79, 99 %, 7620 MiB
78, 98 %, 7620 MiB
79, 98 %, 7620 MiB
79, 98 %, 7620 MiB
78, 98 %, 7620 MiB
78, 98 %, 7620 MiB
79, 99 %, 7620 MiB
78, 98 %, 7620 MiB
79, 98 %, 7620 MiB
79, 98 %, 7620 MiB
78, 99 %, 7620 MiB
79, 99 %, 7620 MiB
79, 98 %, 7620 MiB
79, 98 %, 7620 MiB
79, 99 %, 7620 MiB
79, 98 %, 7620 MiB
78, 98 %, 7620 MiB
79, 98 %, 7620 MiB
78, 98 %, 7620 MiB
79, 98 %, 7620 MiB
79, 98 %, 7621 MiB
79, 98 %, 7621 MiB
78, 99 %, 7621 MiB
79, 99 %, 7621 MiB
78, 98 %, 7621 MiB
79, 99 %, 7621 MiB
78, 98 %, 7621 MiB
79, 98 %, 7621 MiB
78, 99 %, 7621 MiB
79, 98 %, 7621 MiB
78, 98 %, 7621 MiB
79, 98 %, 7621 MiB
79, 99 %, 7621 MiB
78, 99 %, 7621 MiB
78, 99 %, 7621 MiB
79, 99 %, 7621 MiB
79, 98 %, 7621 MiB
78, 98 %, 7621 MiB
78, 98 %, 7621 MiB
79, 98 %, 7621 MiB
79, 98 %, 7621 MiB
78, 98 %, 7621 MiB
79, 98 %, 7621 MiB
78, 98 %, 7621 MiB
79, 98 %, 7621 MiB
78, 98 %, 7621 MiB
79, 99 %, 7621 MiB
79, 98 %, 7621 MiB
78, 98 %, 7621 MiB
78, 98 %, 7621 MiB
78, 98 %, 7621 MiB
78, 98 %, 7621 MiB
79, 98 %, 7621 MiB
78, 98 %, 7621 MiB
79, 98 %, 7621 MiB
79, 98 %, 7621 MiB
78, 98 %, 7621 MiB
79, 98 %, 7813 MiB
78, 97 %, 7813 MiB
78, 96 %, 7813 MiB
78, 96 %, 7813 MiB
78, 95 %, 7813 MiB
78, 94 %, 7813 MiB
78, 92 %, 7813 MiB
76, 9 %, 7817 MiB
77, 8 %, 7819 MiB
77, 87 %, 7819 MiB
78, 86 %, 7819 MiB
78, 93 %, 7819 MiB
78, 90 %, 7819 MiB
78, 85 %, 7819 MiB
78, 87 %, 7819 MiB
78, 88 %, 7819 MiB
78, 88 %, 7819 MiB
78, 87 %, 7819 MiB
78, 88 %, 7819 MiB
78, 84 %, 7819 MiB
78, 84 %, 7819 MiB
78, 83 %, 7819 MiB
78, 82 %, 7819 MiB
79, 85 %, 7819 MiB
78, 85 %, 7819 MiB
78, 89 %, 7819 MiB
78, 85 %, 7819 MiB
78, 85 %, 7819 MiB
78, 86 %, 7819 MiB
78, 85 %, 7819 MiB
78, 86 %, 7819 MiB
78, 81 %, 7819 MiB
78, 86 %, 7819 MiB
78, 80 %, 7819 MiB
78, 84 %, 7819 MiB
79, 80 %, 7819 MiB
78, 85 %, 7819 MiB
79, 82 %, 7819 MiB
78, 83 %, 7819 MiB
76, 15 %, 7819 MiB
73, 0 %, 7819 MiB
72, 0 %, 7819 MiB
75, 26 %, 7415 MiB
76, 98 %, 7415 MiB
76, 98 %, 7415 MiB
76, 98 %, 7415 MiB
77, 99 %, 7415 MiB
77, 98 %, 7415 MiB
77, 99 %, 7415 MiB
77, 98 %, 7415 MiB
77, 98 %, 7415 MiB
77, 98 %, 7415 MiB
77, 99 %, 7415 MiB
77, 98 %, 7415 MiB
77, 98 %, 7415 MiB
77, 98 %, 7415 MiB
77, 98 %, 7415 MiB
77, 99 %, 7415 MiB
78, 98 %, 7415 MiB
77, 99 %, 7415 MiB
77, 98 %, 7415 MiB
78, 98 %, 7415 MiB
77, 99 %, 7415 MiB
78, 98 %, 7415 MiB
78, 99 %, 7415 MiB
78, 98 %, 7415 MiB
78, 99 %, 7415 MiB
78, 98 %, 7415 MiB
78, 99 %, 7414 MiB
78, 99 %, 7415 MiB
78, 98 %, 7415 MiB
78, 98 %, 7415 MiB
78, 99 %, 7415 MiB
78, 98 %, 7415 MiB
78, 98 %, 7415 MiB
78, 98 %, 7415 MiB
78, 98 %, 7415 MiB
78, 98 %, 7415 MiB
78, 99 %, 7415 MiB
78, 98 %, 7415 MiB
78, 98 %, 7415 MiB
78, 98 %, 7415 MiB
78, 98 %, 7415 MiB
78, 98 %, 7415 MiB
78, 98 %, 7415 MiB
78, 98 %, 7415 MiB
78, 98 %, 7415 MiB
78, 98 %, 7415 MiB
78, 98 %, 7415 MiB
78, 99 %, 7415 MiB
78, 98 %, 7415 MiB
78, 98 %, 7415 MiB
78, 98 %, 7415 MiB
78, 98 %, 7415 MiB
78, 98 %, 7415 MiB
78, 98 %, 7415 MiB
78, 99 %, 7415 MiB
78, 98 %, 7415 MiB
78, 98 %, 7415 MiB
78, 98 %, 7415 MiB
78, 98 %, 7415 MiB
78, 98 %, 7415 MiB
78, 99 %, 7415 MiB
78, 99 %, 7415 MiB
78, 98 %, 7415 MiB
78, 98 %, 7415 MiB
78, 98 %, 7415 MiB
78, 99 %, 7415 MiB
78, 98 %, 7415 MiB
78, 98 %, 7415 MiB
78, 98 %, 7415 MiB
78, 98 %, 7415 MiB
78, 98 %, 7415 MiB
78, 98 %, 7415 MiB
78, 98 %, 7415 MiB
78, 98 %, 7415 MiB
78, 98 %, 7415 MiB
78, 98 %, 7415 MiB
78, 98 %, 7415 MiB
78, 98 %, 7415 MiB
78, 98 %, 7415 MiB
78, 98 %, 7415 MiB
78, 98 %, 7415 MiB
78, 99 %, 7415 MiB
78, 98 %, 7415 MiB
78, 98 %, 7415 MiB
78, 98 %, 7415 MiB
78, 99 %, 7415 MiB
78, 99 %, 7415 MiB
78, 98 %, 7415 MiB
78, 98 %, 7415 MiB
78, 98 %, 7415 MiB
78, 98 %, 7415 MiB
78, 98 %, 7415 MiB
78, 98 %, 7415 MiB
78, 98 %, 7415 MiB
78, 97 %, 7415 MiB
78, 98 %, 7415 MiB
78, 98 %, 7415 MiB
78, 98 %, 7415 MiB
78, 98 %, 7415 MiB
78, 98 %, 7415 MiB
78, 98 %, 7415 MiB
78, 98 %, 7415 MiB
78, 98 %, 7415 MiB
78, 98 %, 7415 MiB
78, 98 %, 7415 MiB
78, 98 %, 7415 MiB
78, 98 %, 7415 MiB
78, 98 %, 7415 MiB
78, 98 %, 7415 MiB
78, 98 %, 7415 MiB
78, 98 %, 7415 MiB
78, 98 %, 7415 MiB
78, 98 %, 7415 MiB
78, 98 %, 7415 MiB
78, 98 %, 7415 MiB
78, 98 %, 7415 MiB
78, 98 %, 7415 MiB
78, 98 %, 7415 MiB
78, 98 %, 7415 MiB
78, 98 %, 7415 MiB
78, 98 %, 7415 MiB
78, 98 %, 7415 MiB
78, 98 %, 7415 MiB
78, 98 %, 7415 MiB
78, 98 %, 7415 MiB
78, 98 %, 7415 MiB
78, 98 %, 7415 MiB
78, 98 %, 7415 MiB
78, 98 %, 7415 MiB
78, 98 %, 7415 MiB
78, 98 %, 7415 MiB
78, 98 %, 7415 MiB
78, 98 %, 7415 MiB
78, 98 %, 7415 MiB
78, 99 %, 7415 MiB
78, 98 %, 7415 MiB
78, 98 %, 7415 MiB
78, 98 %, 7415 MiB
78, 98 %, 7415 MiB
78, 98 %, 7415 MiB
78, 98 %, 7415 MiB
78, 98 %, 7415 MiB
78, 98 %, 7415 MiB
78, 98 %, 7415 MiB
78, 98 %, 7415 MiB
78, 98 %, 7415 MiB
78, 98 %, 7415 MiB
78, 98 %, 7415 MiB
78, 98 %, 7415 MiB
78, 98 %, 7415 MiB
78, 99 %, 7415 MiB
78, 98 %, 7415 MiB
78, 98 %, 7415 MiB
78, 98 %, 7415 MiB
78, 98 %, 7415 MiB
78, 98 %, 7415 MiB
78, 98 %, 7415 MiB
78, 99 %, 7415 MiB
78, 98 %, 7415 MiB
78, 98 %, 7415 MiB
77, 98 %, 7415 MiB
78, 98 %, 7415 MiB
78, 98 %, 7415 MiB
78, 99 %, 7415 MiB
78, 98 %, 7415 MiB
78, 98 %, 7415 MiB
78, 98 %, 7415 MiB
78, 98 %, 7415 MiB
78, 99 %, 7415 MiB
78, 98 %, 7415 MiB
78, 98 %, 7415 MiB
78, 98 %, 7415 MiB
78, 98 %, 7415 MiB
78, 98 %, 7415 MiB
78, 98 %, 7415 MiB
78, 99 %, 7415 MiB
77, 98 %, 7415 MiB
77, 98 %, 7415 MiB
78, 99 %, 7415 MiB
78, 98 %, 7415 MiB
78, 98 %, 7415 MiB
78, 98 %, 7415 MiB
78, 98 %, 7415 MiB
78, 98 %, 7415 MiB
78, 98 %, 7415 MiB
78, 98 %, 7415 MiB
78, 99 %, 7415 MiB
78, 98 %, 7415 MiB
78, 98 %, 7415 MiB
78, 98 %, 7415 MiB
78, 98 %, 7415 MiB
77, 98 %, 7415 MiB
78, 98 %, 7415 MiB
78, 98 %, 7415 MiB
77, 98 %, 7415 MiB
78, 98 %, 7415 MiB
77, 98 %, 7415 MiB
78, 98 %, 7415 MiB
78, 98 %, 7415 MiB
78, 99 %, 7415 MiB
78, 98 %, 7415 MiB
77, 98 %, 7415 MiB
78, 98 %, 7415 MiB
78, 98 %, 7415 MiB
78, 98 %, 7415 MiB
78, 98 %, 7415 MiB
78, 98 %, 7415 MiB
78, 98 %, 7415 MiB
78, 98 %, 7415 MiB
78, 98 %, 7415 MiB
78, 98 %, 7415 MiB
78, 98 %, 7415 MiB
78, 99 %, 7415 MiB
78, 99 %, 7415 MiB
78, 98 %, 7415 MiB
78, 98 %, 7415 MiB
78, 98 %, 7415 MiB
78, 98 %, 7415 MiB
78, 97 %, 7415 MiB
78, 99 %, 7415 MiB
78, 99 %, 7415 MiB
78, 98 %, 7415 MiB
78, 98 %, 7415 MiB
78, 98 %, 7415 MiB
78, 98 %, 7415 MiB
78, 98 %, 7415 MiB
78, 98 %, 7415 MiB
78, 98 %, 7415 MiB
78, 99 %, 7415 MiB
78, 98 %, 7415 MiB
78, 99 %, 7415 MiB
78, 99 %, 7415 MiB
78, 98 %, 7415 MiB
78, 98 %, 7415 MiB
78, 98 %, 7415 MiB
78, 99 %, 7415 MiB
78, 98 %, 7415 MiB
78, 98 %, 7415 MiB
78, 98 %, 7415 MiB
78, 98 %, 7415 MiB
78, 98 %, 7415 MiB
78, 98 %, 7415 MiB
78, 98 %, 7415 MiB
78, 98 %, 7415 MiB
78, 99 %, 7415 MiB
78, 98 %, 7415 MiB
78, 98 %, 7415 MiB
78, 98 %, 7415 MiB
78, 98 %, 7415 MiB
78, 98 %, 7414 MiB
78, 98 %, 7414 MiB
78, 98 %, 7414 MiB
78, 99 %, 7414 MiB
78, 98 %, 7414 MiB
78, 98 %, 7414 MiB
78, 98 %, 7414 MiB
78, 98 %, 7414 MiB
78, 98 %, 7414 MiB
78, 99 %, 7414 MiB
78, 98 %, 7414 MiB
78, 99 %, 7414 MiB
78, 99 %, 7414 MiB
78, 98 %, 7414 MiB
78, 98 %, 7414 MiB
78, 98 %, 7414 MiB
78, 98 %, 7414 MiB
78, 98 %, 7414 MiB
78, 98 %, 7414 MiB
78, 99 %, 7414 MiB
78, 98 %, 7414 MiB
78, 98 %, 7414 MiB
78, 98 %, 7414 MiB
78, 98 %, 7414 MiB
78, 98 %, 7414 MiB
78, 98 %, 7414 MiB
78, 98 %, 7414 MiB
78, 98 %, 7414 MiB
78, 98 %, 7414 MiB
78, 99 %, 7414 MiB
78, 98 %, 7414 MiB
78, 98 %, 7414 MiB
78, 98 %, 7414 MiB
78, 99 %, 7414 MiB
78, 98 %, 7414 MiB
78, 99 %, 7414 MiB
78, 98 %, 7414 MiB
78, 98 %, 7414 MiB
78, 98 %, 7414 MiB
78, 99 %, 7414 MiB
78, 98 %, 7414 MiB
78, 98 %, 7414 MiB
78, 98 %, 7414 MiB
78, 98 %, 7414 MiB
78, 98 %, 7414 MiB
78, 98 %, 7414 MiB
78, 98 %, 7414 MiB
78, 98 %, 7414 MiB
78, 99 %, 7414 MiB
78, 98 %, 7414 MiB
78, 98 %, 7414 MiB
78, 98 %, 7414 MiB
78, 98 %, 7414 MiB
78, 98 %, 7414 MiB
78, 99 %, 7414 MiB
78, 99 %, 7414 MiB
78, 98 %, 7414 MiB
78, 99 %, 7414 MiB
78, 98 %, 7414 MiB
78, 98 %, 7414 MiB
78, 98 %, 7414 MiB
78, 98 %, 7414 MiB
78, 98 %, 7414 MiB
78, 98 %, 7414 MiB
78, 98 %, 7414 MiB
78, 98 %, 7414 MiB
78, 99 %, 7414 MiB
78, 98 %, 7414 MiB
78, 99 %, 7414 MiB
78, 98 %, 7414 MiB
78, 99 %, 7414 MiB
78, 98 %, 7414 MiB
78, 99 %, 7414 MiB
78, 98 %, 7414 MiB
78, 99 %, 7414 MiB
78, 98 %, 7414 MiB
78, 99 %, 7414 MiB
78, 98 %, 7414 MiB
78, 98 %, 7414 MiB
78, 98 %, 7414 MiB
78, 98 %, 7414 MiB
78, 98 %, 7414 MiB
78, 98 %, 7414 MiB
78, 99 %, 7414 MiB
78, 98 %, 7414 MiB
78, 98 %, 7414 MiB
78, 98 %, 7414 MiB
78, 98 %, 7414 MiB
78, 98 %, 7414 MiB
78, 98 %, 7414 MiB
78, 98 %, 7414 MiB
78, 98 %, 7414 MiB
78, 98 %, 7414 MiB
78, 98 %, 7414 MiB
78, 98 %, 7414 MiB
78, 98 %, 7414 MiB
78, 98 %, 7414 MiB
78, 98 %, 7414 MiB
78, 98 %, 7414 MiB
78, 97 %, 7414 MiB
78, 97 %, 7414 MiB
78, 98 %, 7414 MiB
78, 99 %, 7414 MiB
78, 98 %, 7414 MiB
78, 98 %, 7414 MiB
78, 98 %, 7414 MiB
78, 98 %, 7414 MiB
78, 98 %, 7414 MiB
78, 98 %, 7414 MiB
78, 98 %, 7414 MiB
78, 98 %, 7414 MiB
78, 98 %, 7414 MiB
78, 98 %, 7414 MiB
79, 98 %, 7414 MiB
78, 99 %, 7414 MiB
78, 98 %, 7414 MiB
78, 98 %, 7414 MiB
78, 98 %, 7414 MiB
78, 98 %, 7414 MiB
78, 98 %, 7415 MiB
78, 98 %, 7415 MiB
78, 98 %, 7415 MiB
78, 98 %, 7415 MiB
78, 98 %, 7415 MiB
78, 98 %, 7415 MiB
78, 98 %, 7415 MiB
78, 98 %, 7415 MiB
78, 98 %, 7415 MiB
78, 98 %, 7415 MiB
78, 98 %, 7415 MiB
78, 98 %, 7415 MiB
78, 98 %, 7415 MiB
78, 98 %, 7415 MiB
78, 98 %, 7415 MiB
78, 98 %, 7415 MiB
78, 98 %, 7415 MiB
78, 98 %, 7415 MiB
78, 98 %, 7415 MiB
78, 98 %, 7415 MiB
78, 98 %, 7415 MiB
78, 98 %, 7415 MiB
78, 98 %, 7415 MiB
78, 98 %, 7415 MiB
78, 98 %, 7415 MiB
78, 98 %, 7415 MiB
78, 98 %, 7415 MiB
78, 98 %, 7415 MiB
78, 99 %, 7415 MiB
78, 98 %, 7415 MiB
78, 98 %, 7415 MiB
78, 98 %, 7415 MiB
78, 98 %, 7415 MiB
78, 98 %, 7415 MiB
78, 99 %, 7415 MiB
78, 98 %, 7415 MiB
78, 98 %, 7415 MiB
78, 98 %, 7415 MiB
78, 98 %, 7415 MiB
78, 98 %, 7415 MiB
78, 98 %, 7415 MiB
78, 98 %, 7415 MiB
78, 98 %, 7415 MiB
78, 98 %, 7415 MiB
78, 98 %, 7415 MiB
78, 98 %, 7415 MiB
78, 99 %, 7415 MiB
78, 98 %, 7415 MiB
78, 98 %, 7415 MiB
78, 98 %, 7415 MiB
78, 98 %, 7415 MiB
78, 99 %, 7415 MiB
78, 98 %, 7415 MiB
78, 98 %, 7415 MiB
78, 98 %, 7415 MiB
78, 98 %, 7415 MiB
78, 98 %, 7415 MiB
78, 97 %, 7415 MiB
78, 98 %, 7415 MiB
78, 98 %, 7415 MiB
78, 98 %, 7415 MiB
78, 98 %, 7415 MiB
78, 98 %, 7415 MiB
78, 98 %, 7415 MiB
78, 98 %, 7415 MiB
78, 98 %, 7415 MiB
78, 98 %, 7415 MiB
78, 98 %, 7415 MiB
78, 98 %, 7415 MiB
78, 98 %, 7415 MiB
78, 99 %, 7415 MiB
78, 98 %, 7415 MiB
78, 98 %, 7415 MiB
78, 98 %, 7415 MiB
78, 98 %, 7415 MiB
78, 98 %, 7415 MiB
78, 99 %, 7415 MiB
78, 98 %, 7415 MiB
78, 98 %, 7415 MiB
78, 99 %, 7415 MiB
78, 98 %, 7415 MiB
78, 98 %, 7415 MiB
78, 98 %, 7415 MiB
78, 98 %, 7415 MiB
78, 98 %, 7415 MiB
78, 98 %, 7415 MiB
78, 98 %, 7415 MiB
78, 98 %, 7415 MiB
78, 98 %, 7415 MiB
78, 98 %, 7415 MiB
78, 99 %, 7415 MiB
78, 98 %, 7415 MiB
78, 99 %, 7415 MiB
78, 98 %, 7415 MiB
78, 98 %, 7415 MiB
78, 98 %, 7415 MiB
78, 99 %, 7415 MiB
78, 98 %, 7415 MiB
78, 98 %, 7415 MiB
78, 98 %, 7415 MiB
78, 99 %, 7415 MiB
78, 98 %, 7415 MiB
78, 98 %, 7415 MiB
78, 98 %, 7415 MiB
78, 98 %, 7415 MiB
78, 98 %, 7415 MiB
78, 98 %, 7415 MiB
78, 98 %, 7415 MiB
78, 99 %, 7415 MiB
78, 98 %, 7415 MiB
78, 98 %, 7415 MiB
78, 98 %, 7415 MiB
78, 98 %, 7415 MiB
78, 98 %, 7415 MiB
78, 99 %, 7415 MiB
78, 98 %, 7415 MiB
78, 98 %, 7415 MiB
78, 98 %, 7415 MiB
78, 98 %, 7415 MiB
78, 98 %, 7415 MiB
78, 98 %, 7415 MiB
78, 98 %, 7415 MiB
78, 98 %, 7415 MiB
78, 98 %, 7415 MiB
78, 98 %, 7415 MiB
78, 98 %, 7415 MiB
78, 98 %, 7415 MiB
78, 98 %, 7415 MiB
78, 98 %, 7415 MiB
78, 99 %, 7415 MiB
78, 98 %, 7415 MiB
78, 98 %, 7415 MiB
78, 99 %, 7415 MiB
78, 98 %, 7415 MiB
78, 98 %, 7415 MiB
78, 98 %, 7415 MiB
78, 98 %, 7415 MiB
78, 98 %, 7415 MiB
78, 98 %, 7415 MiB
78, 99 %, 7415 MiB
78, 98 %, 7415 MiB
78, 99 %, 7415 MiB
78, 98 %, 7415 MiB
78, 98 %, 7415 MiB
78, 98 %, 7415 MiB
78, 98 %, 7415 MiB
78, 98 %, 7415 MiB
78, 98 %, 7415 MiB
78, 98 %, 7415 MiB
78, 98 %, 7414 MiB
78, 98 %, 7812 MiB
78, 96 %, 7812 MiB
78, 96 %, 7812 MiB
78, 95 %, 7812 MiB
78, 94 %, 7812 MiB
78, 93 %, 7812 MiB
78, 89 %, 7814 MiB
74, 7 %, 7816 MiB
76, 73 %, 7818 MiB
77, 88 %, 7818 MiB
77, 88 %, 7818 MiB
77, 88 %, 7818 MiB
77, 85 %, 7818 MiB
77, 87 %, 7818 MiB
77, 88 %, 7818 MiB
77, 84 %, 7818 MiB
77, 85 %, 7818 MiB
77, 86 %, 7818 MiB
77, 87 %, 7818 MiB
77, 88 %, 7818 MiB
77, 83 %, 7818 MiB
78, 90 %, 7818 MiB
78, 87 %, 7818 MiB
77, 88 %, 7818 MiB
78, 89 %, 7820 MiB
78, 86 %, 7820 MiB
78, 85 %, 7820 MiB
77, 87 %, 7812 MiB
77, 79 %, 7812 MiB
77, 86 %, 7812 MiB
77, 85 %, 7812 MiB
78, 84 %, 7812 MiB
78, 85 %, 7812 MiB
78, 85 %, 7812 MiB
78, 86 %, 7812 MiB
78, 86 %, 7812 MiB
78, 84 %, 7812 MiB
78, 75 %, 7812 MiB
76, 53 %, 7812 MiB
73, 0 %, 7812 MiB
71, 0 %, 7812 MiB
