34, 0 %, 1 MiB
34, 0 %, 1 MiB
34, 0 %, 3 MiB
33, 0 %, 3 MiB
33, 0 %, 3 MiB
33, 0 %, 3 MiB
33, 0 %, 3 MiB
32, 0 %, 3 MiB
32, 0 %, 3 MiB
32, 0 %, 3 MiB
32, 0 %, 3 MiB
32, 0 %, 3 MiB
32, 0 %, 3 MiB
31, 0 %, 3 MiB
31, 0 %, 3 MiB
31, 0 %, 3 MiB
31, 0 %, 3 MiB
31, 0 %, 3 MiB
31, 0 %, 3 MiB
31, 0 %, 3 MiB
31, 0 %, 3 MiB
31, 0 %, 3 MiB
30, 0 %, 3 MiB
30, 0 %, 3 MiB
30, 0 %, 3 MiB
30, 0 %, 3 MiB
30, 0 %, 3 MiB
30, 0 %, 3 MiB
30, 0 %, 3 MiB
30, 0 %, 3 MiB
30, 0 %, 3 MiB
31, 4 %, 538 MiB
32, 0 %, 2660 MiB
32, 0 %, 2660 MiB
32, 0 %, 2660 MiB
32, 0 %, 2660 MiB
32, 0 %, 2660 MiB
32, 0 %, 2660 MiB
33, 0 %, 2660 MiB
33, 0 %, 2660 MiB
32, 0 %, 2660 MiB
31, 0 %, 2660 MiB
31, 0 %, 2660 MiB
31, 0 %, 2660 MiB
31, 0 %, 2660 MiB
31, 0 %, 2660 MiB
31, 0 %, 2660 MiB
30, 0 %, 2660 MiB
30, 0 %, 2660 MiB
30, 0 %, 2660 MiB
30, 0 %, 2660 MiB
30, 0 %, 2660 MiB
30, 0 %, 2660 MiB
30, 0 %, 2660 MiB
30, 0 %, 2660 MiB
30, 0 %, 2660 MiB
30, 0 %, 2660 MiB
30, 0 %, 2660 MiB
30, 0 %, 2660 MiB
29, 0 %, 2660 MiB
29, 0 %, 2660 MiB
29, 0 %, 2660 MiB
29, 0 %, 2660 MiB
29, 0 %, 2660 MiB
29, 0 %, 2660 MiB
29, 0 %, 2660 MiB
29, 0 %, 2660 MiB
29, 0 %, 2660 MiB
29, 0 %, 2660 MiB
29, 0 %, 2660 MiB
29, 0 %, 2660 MiB
29, 0 %, 2660 MiB
29, 0 %, 2660 MiB
29, 0 %, 2660 MiB
29, 0 %, 2660 MiB
29, 0 %, 2660 MiB
29, 0 %, 2660 MiB
29, 0 %, 2660 MiB
29, 0 %, 2660 MiB
29, 0 %, 2660 MiB
29, 0 %, 2660 MiB
29, 0 %, 2660 MiB
29, 0 %, 2660 MiB
29, 0 %, 2660 MiB
29, 0 %, 2660 MiB
29, 0 %, 2660 MiB
29, 0 %, 2660 MiB
29, 0 %, 2660 MiB
29, 0 %, 2660 MiB
29, 0 %, 2660 MiB
29, 0 %, 2660 MiB
29, 0 %, 2660 MiB
29, 0 %, 2660 MiB
29, 0 %, 2660 MiB
29, 0 %, 2660 MiB
28, 0 %, 2660 MiB
29, 0 %, 2660 MiB
28, 0 %, 2660 MiB
28, 0 %, 2660 MiB
28, 0 %, 2660 MiB
28, 0 %, 2660 MiB
28, 0 %, 2660 MiB
28, 0 %, 2660 MiB
28, 0 %, 2660 MiB
28, 0 %, 2660 MiB
28, 0 %, 2660 MiB
28, 0 %, 2660 MiB
28, 0 %, 2660 MiB
28, 0 %, 2660 MiB
28, 0 %, 2660 MiB
28, 0 %, 2660 MiB
28, 0 %, 2660 MiB
28, 0 %, 2660 MiB
28, 0 %, 2660 MiB
28, 0 %, 2660 MiB
28, 0 %, 2660 MiB
28, 0 %, 2660 MiB
28, 0 %, 2660 MiB
28, 0 %, 2660 MiB
28, 0 %, 2660 MiB
28, 0 %, 2660 MiB
28, 0 %, 2660 MiB
28, 0 %, 2660 MiB
28, 0 %, 2660 MiB
28, 0 %, 2660 MiB
28, 0 %, 2660 MiB
28, 0 %, 2660 MiB
28, 0 %, 2660 MiB
28, 0 %, 2660 MiB
28, 0 %, 2660 MiB
28, 0 %, 2660 MiB
28, 0 %, 2660 MiB
28, 0 %, 2660 MiB
28, 0 %, 2660 MiB
28, 0 %, 2660 MiB
28, 0 %, 2660 MiB
28, 0 %, 2660 MiB
28, 0 %, 2660 MiB
28, 0 %, 2660 MiB
28, 0 %, 2660 MiB
28, 0 %, 2660 MiB
28, 0 %, 2660 MiB
28, 0 %, 2660 MiB
28, 0 %, 2660 MiB
28, 0 %, 2660 MiB
28, 0 %, 2660 MiB
28, 0 %, 2660 MiB
28, 0 %, 2660 MiB
28, 0 %, 2660 MiB
28, 0 %, 2660 MiB
28, 0 %, 2660 MiB
28, 0 %, 2660 MiB
28, 0 %, 2660 MiB
28, 0 %, 2660 MiB
28, 0 %, 2660 MiB
28, 0 %, 2660 MiB
28, 0 %, 2660 MiB
28, 0 %, 2660 MiB
28, 0 %, 2660 MiB
28, 0 %, 2660 MiB
28, 0 %, 2660 MiB
28, 0 %, 2660 MiB
28, 0 %, 2660 MiB
28, 0 %, 2660 MiB
28, 0 %, 2660 MiB
28, 0 %, 2660 MiB
28, 0 %, 2660 MiB
28, 0 %, 2660 MiB
28, 0 %, 2660 MiB
28, 0 %, 2660 MiB
28, 0 %, 2660 MiB
28, 0 %, 2660 MiB
28, 0 %, 2660 MiB
28, 0 %, 2660 MiB
28, 0 %, 2660 MiB
28, 0 %, 2660 MiB
28, 0 %, 2660 MiB
28, 0 %, 2660 MiB
28, 0 %, 2660 MiB
28, 0 %, 2660 MiB
28, 0 %, 2660 MiB
28, 0 %, 2660 MiB
28, 0 %, 2660 MiB
28, 0 %, 2660 MiB
28, 0 %, 2660 MiB
28, 0 %, 2660 MiB
28, 0 %, 2660 MiB
28, 0 %, 2660 MiB
28, 0 %, 2660 MiB
28, 0 %, 2660 MiB
28, 0 %, 2660 MiB
28, 0 %, 2660 MiB
28, 0 %, 2660 MiB
28, 0 %, 2660 MiB
28, 0 %, 2660 MiB
28, 0 %, 2660 MiB
28, 0 %, 2660 MiB
28, 0 %, 2660 MiB
28, 0 %, 2660 MiB
28, 0 %, 2660 MiB
28, 0 %, 2660 MiB
28, 0 %, 2660 MiB
28, 0 %, 2660 MiB
28, 0 %, 2660 MiB
28, 0 %, 2660 MiB
28, 0 %, 2660 MiB
28, 0 %, 2660 MiB
28, 0 %, 2660 MiB
28, 0 %, 2660 MiB
28, 0 %, 2660 MiB
28, 0 %, 2660 MiB
28, 0 %, 2660 MiB
28, 0 %, 2660 MiB
28, 0 %, 2660 MiB
28, 0 %, 2660 MiB
28, 0 %, 2660 MiB
28, 0 %, 2660 MiB
28, 0 %, 2660 MiB
28, 0 %, 2660 MiB
28, 0 %, 2660 MiB
28, 0 %, 2660 MiB
28, 0 %, 2660 MiB
28, 0 %, 2660 MiB
28, 0 %, 2660 MiB
28, 0 %, 2660 MiB
28, 0 %, 2660 MiB
28, 0 %, 2660 MiB
28, 0 %, 2660 MiB
28, 0 %, 2660 MiB
28, 0 %, 2660 MiB
28, 0 %, 2660 MiB
28, 0 %, 2660 MiB
28, 0 %, 2660 MiB
28, 0 %, 2660 MiB
28, 0 %, 2660 MiB
28, 0 %, 2660 MiB
28, 0 %, 2660 MiB
28, 0 %, 2660 MiB
28, 0 %, 2660 MiB
28, 0 %, 2660 MiB
28, 0 %, 2660 MiB
28, 0 %, 2660 MiB
28, 0 %, 2660 MiB
28, 0 %, 2660 MiB
28, 0 %, 2660 MiB
28, 0 %, 2660 MiB
28, 0 %, 2660 MiB
28, 0 %, 2660 MiB
28, 0 %, 2660 MiB
28, 0 %, 2660 MiB
28, 0 %, 2660 MiB
28, 0 %, 2660 MiB
28, 0 %, 2660 MiB
28, 0 %, 2660 MiB
28, 0 %, 2660 MiB
28, 0 %, 2660 MiB
28, 0 %, 2660 MiB
28, 0 %, 2660 MiB
28, 0 %, 2660 MiB
28, 0 %, 2660 MiB
28, 0 %, 2660 MiB
28, 0 %, 2660 MiB
28, 0 %, 2660 MiB
28, 0 %, 2660 MiB
28, 0 %, 2660 MiB
28, 0 %, 2660 MiB
28, 0 %, 2660 MiB
28, 0 %, 2660 MiB
28, 0 %, 2660 MiB
28, 0 %, 2660 MiB
28, 0 %, 2660 MiB
28, 0 %, 2660 MiB
28, 0 %, 2660 MiB
28, 0 %, 2660 MiB
28, 0 %, 2660 MiB
28, 0 %, 2660 MiB
28, 0 %, 2660 MiB
28, 0 %, 2660 MiB
29, 0 %, 2660 MiB
28, 0 %, 2660 MiB
28, 0 %, 2660 MiB
28, 0 %, 2660 MiB
28, 0 %, 2660 MiB
28, 0 %, 2660 MiB
28, 0 %, 2660 MiB
29, 0 %, 2660 MiB
29, 0 %, 2660 MiB
29, 0 %, 2660 MiB
29, 0 %, 2660 MiB
29, 0 %, 2660 MiB
29, 0 %, 2660 MiB
29, 0 %, 2660 MiB
29, 0 %, 2660 MiB
29, 0 %, 2660 MiB
29, 0 %, 2660 MiB
29, 0 %, 2660 MiB
29, 0 %, 2660 MiB
29, 0 %, 2660 MiB
29, 0 %, 2660 MiB
29, 0 %, 2660 MiB
29, 0 %, 2660 MiB
29, 0 %, 2660 MiB
29, 0 %, 2660 MiB
29, 0 %, 2660 MiB
29, 0 %, 2660 MiB
29, 0 %, 2660 MiB
29, 0 %, 2660 MiB
29, 0 %, 2660 MiB
29, 0 %, 2660 MiB
29, 0 %, 2660 MiB
29, 0 %, 2660 MiB
29, 0 %, 2660 MiB
29, 0 %, 2660 MiB
29, 0 %, 2660 MiB
29, 0 %, 2660 MiB
29, 0 %, 2660 MiB
29, 0 %, 2660 MiB
29, 0 %, 2660 MiB
29, 0 %, 2660 MiB
29, 0 %, 2660 MiB
29, 0 %, 2660 MiB
29, 0 %, 2660 MiB
29, 0 %, 2660 MiB
29, 0 %, 2660 MiB
29, 0 %, 2660 MiB
29, 0 %, 2660 MiB
29, 0 %, 2660 MiB
29, 0 %, 2660 MiB
29, 0 %, 2660 MiB
29, 0 %, 2660 MiB
29, 0 %, 2660 MiB
29, 0 %, 2660 MiB
29, 0 %, 2660 MiB
29, 0 %, 2660 MiB
29, 0 %, 2660 MiB
29, 0 %, 2660 MiB
29, 0 %, 2660 MiB
29, 0 %, 2660 MiB
29, 0 %, 2660 MiB
29, 0 %, 2660 MiB
29, 0 %, 2660 MiB
29, 0 %, 2660 MiB
29, 0 %, 2660 MiB
29, 0 %, 2660 MiB
29, 0 %, 2660 MiB
29, 0 %, 2660 MiB
29, 0 %, 2660 MiB
29, 0 %, 2660 MiB
29, 0 %, 2660 MiB
29, 0 %, 2660 MiB
29, 0 %, 2660 MiB
29, 0 %, 2660 MiB
29, 0 %, 2660 MiB
29, 0 %, 2660 MiB
29, 0 %, 2660 MiB
29, 0 %, 2660 MiB
29, 0 %, 2660 MiB
29, 0 %, 2660 MiB
29, 0 %, 2660 MiB
29, 0 %, 2660 MiB
29, 0 %, 2660 MiB
29, 0 %, 2660 MiB
29, 0 %, 2660 MiB
29, 0 %, 2660 MiB
29, 0 %, 2660 MiB
29, 0 %, 2660 MiB
29, 0 %, 2660 MiB
29, 0 %, 2660 MiB
29, 0 %, 2660 MiB
29, 0 %, 2660 MiB
29, 0 %, 2660 MiB
29, 0 %, 2660 MiB
29, 0 %, 2660 MiB
29, 0 %, 2660 MiB
29, 0 %, 2660 MiB
29, 0 %, 2660 MiB
29, 0 %, 2660 MiB
29, 0 %, 2660 MiB
29, 0 %, 2660 MiB
29, 0 %, 2660 MiB
29, 0 %, 2660 MiB
29, 0 %, 2660 MiB
29, 0 %, 2660 MiB
29, 0 %, 2660 MiB
29, 0 %, 2660 MiB
29, 0 %, 2660 MiB
29, 0 %, 2660 MiB
29, 0 %, 2660 MiB
29, 0 %, 2660 MiB
29, 0 %, 2660 MiB
29, 0 %, 2660 MiB
29, 0 %, 2660 MiB
29, 0 %, 2660 MiB
29, 0 %, 2660 MiB
29, 0 %, 2660 MiB
29, 0 %, 2660 MiB
29, 0 %, 2660 MiB
29, 0 %, 2660 MiB
29, 0 %, 2660 MiB
29, 0 %, 2660 MiB
29, 0 %, 2660 MiB
29, 0 %, 2660 MiB
29, 0 %, 2660 MiB
29, 0 %, 2660 MiB
29, 0 %, 2660 MiB
29, 0 %, 2660 MiB
29, 0 %, 2660 MiB
29, 0 %, 2660 MiB
28, 0 %, 2660 MiB
29, 0 %, 2660 MiB
28, 0 %, 2660 MiB
28, 0 %, 2660 MiB
28, 0 %, 2660 MiB
28, 0 %, 2660 MiB
28, 0 %, 2660 MiB
28, 0 %, 2660 MiB
28, 0 %, 2660 MiB
28, 0 %, 2660 MiB
28, 0 %, 2660 MiB
28, 0 %, 2660 MiB
28, 0 %, 2660 MiB
28, 0 %, 2660 MiB
28, 0 %, 2660 MiB
28, 0 %, 2660 MiB
28, 0 %, 2660 MiB
28, 0 %, 2660 MiB
28, 0 %, 2660 MiB
28, 0 %, 2660 MiB
28, 0 %, 2660 MiB
28, 0 %, 2660 MiB
28, 0 %, 2660 MiB
28, 0 %, 2660 MiB
28, 0 %, 2660 MiB
28, 0 %, 2660 MiB
28, 0 %, 2660 MiB
28, 0 %, 2660 MiB
28, 0 %, 2660 MiB
28, 0 %, 2660 MiB
28, 0 %, 2660 MiB
28, 0 %, 2660 MiB
28, 0 %, 2660 MiB
28, 0 %, 2660 MiB
28, 0 %, 2660 MiB
28, 0 %, 2660 MiB
28, 0 %, 2660 MiB
28, 0 %, 2660 MiB
28, 0 %, 2660 MiB
28, 0 %, 2660 MiB
28, 0 %, 2660 MiB
28, 0 %, 2660 MiB
28, 0 %, 2660 MiB
28, 0 %, 2660 MiB
28, 0 %, 2660 MiB
28, 0 %, 2660 MiB
28, 0 %, 2660 MiB
28, 0 %, 2660 MiB
28, 0 %, 2660 MiB
28, 0 %, 2660 MiB
28, 0 %, 2660 MiB
28, 0 %, 2660 MiB
28, 0 %, 2660 MiB
28, 0 %, 2660 MiB
28, 0 %, 2660 MiB
28, 0 %, 2660 MiB
28, 0 %, 2660 MiB
28, 0 %, 2660 MiB
28, 0 %, 2660 MiB
28, 0 %, 2660 MiB
28, 0 %, 2660 MiB
28, 0 %, 2660 MiB
28, 0 %, 2660 MiB
28, 0 %, 2660 MiB
28, 0 %, 2660 MiB
28, 0 %, 2660 MiB
28, 0 %, 2660 MiB
28, 0 %, 2660 MiB
28, 0 %, 2660 MiB
28, 0 %, 2660 MiB
28, 0 %, 2660 MiB
28, 0 %, 2660 MiB
28, 0 %, 2660 MiB
28, 0 %, 2660 MiB
28, 0 %, 2660 MiB
28, 0 %, 2660 MiB
28, 0 %, 2660 MiB
28, 0 %, 2660 MiB
28, 0 %, 2660 MiB
28, 0 %, 2660 MiB
28, 0 %, 2660 MiB
28, 0 %, 2660 MiB
28, 0 %, 2660 MiB
28, 0 %, 2660 MiB
28, 0 %, 2660 MiB
28, 0 %, 2660 MiB
28, 0 %, 2660 MiB
28, 0 %, 2660 MiB
28, 0 %, 2660 MiB
28, 0 %, 2660 MiB
28, 0 %, 2660 MiB
28, 0 %, 2660 MiB
28, 0 %, 2660 MiB
28, 0 %, 2660 MiB
28, 0 %, 2660 MiB
28, 0 %, 2660 MiB
28, 0 %, 2660 MiB
28, 0 %, 2660 MiB
28, 0 %, 2660 MiB
28, 0 %, 2660 MiB
28, 0 %, 2660 MiB
28, 0 %, 2660 MiB
28, 0 %, 2660 MiB
28, 0 %, 2660 MiB
28, 0 %, 2660 MiB
28, 0 %, 2660 MiB
28, 0 %, 2660 MiB
28, 0 %, 2660 MiB
28, 0 %, 2660 MiB
28, 0 %, 2660 MiB
28, 0 %, 2660 MiB
28, 0 %, 2660 MiB
28, 0 %, 2660 MiB
28, 0 %, 2660 MiB
28, 0 %, 2660 MiB
28, 0 %, 2660 MiB
28, 0 %, 2660 MiB
28, 0 %, 2660 MiB
28, 0 %, 2660 MiB
28, 0 %, 2660 MiB
28, 0 %, 2660 MiB
28, 0 %, 2660 MiB
28, 0 %, 2660 MiB
28, 0 %, 2660 MiB
28, 0 %, 2660 MiB
28, 0 %, 2660 MiB
28, 0 %, 2660 MiB
28, 0 %, 2660 MiB
28, 0 %, 2660 MiB
28, 0 %, 2660 MiB
28, 0 %, 2660 MiB
28, 0 %, 2660 MiB
28, 0 %, 2660 MiB
28, 0 %, 2660 MiB
28, 0 %, 2660 MiB
28, 0 %, 2660 MiB
28, 0 %, 2660 MiB
28, 0 %, 2660 MiB
28, 0 %, 2660 MiB
28, 0 %, 2660 MiB
28, 0 %, 2660 MiB
28, 0 %, 2660 MiB
28, 0 %, 2660 MiB
28, 0 %, 2660 MiB
28, 0 %, 2660 MiB
28, 0 %, 2660 MiB
28, 0 %, 2660 MiB
28, 0 %, 2660 MiB
28, 0 %, 2660 MiB
28, 0 %, 2660 MiB
28, 0 %, 2660 MiB
28, 0 %, 2660 MiB
28, 0 %, 2660 MiB
28, 0 %, 2660 MiB
30, 27 %, 3058 MiB
35, 6 %, 13626 MiB
34, 100 %, 12148 MiB
38, 99 %, 21998 MiB
39, 99 %, 21998 MiB
41, 99 %, 21998 MiB
42, 99 %, 21998 MiB
42, 96 %, 21998 MiB
44, 97 %, 21998 MiB
44, 56 %, 21998 MiB
44, 99 %, 21998 MiB
46, 99 %, 21998 MiB
47, 99 %, 21998 MiB
48, 99 %, 21998 MiB
49, 99 %, 21998 MiB
49, 97 %, 21998 MiB
49, 97 %, 21998 MiB
49, 89 %, 21998 MiB
48, 26 %, 21998 MiB
48, 30 %, 14898 MiB
48, 100 %, 21860 MiB
48, 100 %, 21860 MiB
50, 99 %, 21862 MiB
50, 99 %, 21924 MiB
52, 99 %, 21942 MiB
52, 96 %, 21942 MiB
53, 96 %, 21942 MiB
53, 33 %, 21942 MiB
52, 99 %, 21942 MiB
54, 99 %, 21942 MiB
54, 99 %, 21944 MiB
55, 99 %, 21942 MiB
54, 99 %, 21942 MiB
54, 94 %, 21944 MiB
55, 97 %, 21942 MiB
55, 52 %, 21942 MiB
55, 99 %, 21942 MiB
55, 99 %, 21944 MiB
57, 99 %, 21942 MiB
57, 95 %, 21942 MiB
53, 68 %, 1 MiB
